# The labs' external models (D-048): the Khronos glTF sample assets at one commit, fetched by
# tools/fetch-assets.sh into assets/external/, which git ignores. For the labs and the tests
# only: nothing that ships reads assets/external/ (credits --check fails if it does).
#
# @ lines are models: name, use, licence, artists. `open` models are CC0 or CC-BY 4.0 and are
# fetched by default; `reference` models are under restricted licences, fetched only with
# --reference-only, and never in the engine or a game.
# Other lines are files: model, path under Models/ in the repository, bytes, SHA-256.
commit edc7c9e67c639d230715049ee31f9a96a6babbbe
source https://raw.githubusercontent.com/KhronosGroup/glTF-Sample-Assets
@	TextureCoordinateTest	open	CC0-1.0	Ed Mackey (Analytical Graphics)
@	TextureTransformTest	open	CC0-1.0	Microsoft
@	TextureSettingsTest	open	CC-BY-4.0	Ed Mackey (Analytical Graphics)
@	NormalTangentTest	open	CC0-1.0	Ed Mackey (Analytical Graphics)
@	NormalTangentMirrorTest	open	CC-BY-4.0	Ed Mackey (Analytical Graphics)
@	MetalRoughSpheres	open	CC-BY-4.0	Ed Mackey (Analytical Graphics)
@	Fox	open	CC0-1.0 (model), CC-BY-4.0 (rig, animation, conversion)	PixelMannen (model), tomkranis (rigging and animation), AsoboStudio and scurest (glTF conversion)
@	CesiumMan	open	CC-BY-4.0 (the Cesium logo excluded)	Cesium
@	WaterBottle	open	CC0-1.0	Microsoft
@	FlightHelmet	open	CC0-1.0	Gary Hsu (conversion from Maya)
@	Sponza	reference	Cryengine Limited License Agreement	Crytek; Frank Meinl after Marko Dabrovic
TextureCoordinateTest	TextureCoordinateTest/glTF-Binary/TextureCoordinateTest.glb	14232	fe75a63a0423c9a682bf46c3045b6328ae9c55abefc9a50adf3ec1d6dc6ea3b9
TextureTransformTest	TextureTransformTest/glTF/Arrow.png	867	5df5b251fed0ac306cf859a30b59a4953d152483a4bed2b84e5bba1c667a1e64
TextureTransformTest	TextureTransformTest/glTF/Correct.png	2457	3a14b12635ebbcee3ea427fbdb4d20da73e4740ec7a51683d700a2d6b4b7861a
TextureTransformTest	TextureTransformTest/glTF/Error.png	2273	8d1032ef535a5c379bf78f9f565d3180ee3fc2d1cfef6892dee6e567728b619c
TextureTransformTest	TextureTransformTest/glTF/NotSupported.png	3291	1fbdeca7e5c105d677a39578e4bab82b89c8aa9f406ee681ede05635ea0f8c74
TextureTransformTest	TextureTransformTest/glTF/TextureTransformTest.bin	136	d0cdd23f2fa0996a0db99d4932fb9912a51a34e27c8bf832d072dc856ee9a7af
TextureTransformTest	TextureTransformTest/glTF/TextureTransformTest.gltf	9179	c22c8c6c96c0ea4bcbb9b47ea245a093c5ef59acc5fd425effa4c00da4cdf164
TextureTransformTest	TextureTransformTest/glTF/UV.png	12345	ac37ff52fe06a4c8c35ad4e1e7e8da039dfa8afc9b629d40a44ca8b8cfe9d03d
TextureSettingsTest	TextureSettingsTest/glTF-Binary/TextureSettingsTest.glb	42840	44013a0602cbbdcaf703905ed47cc6b6fb49f067d7de0e1a0a568a5bbfa9d769
NormalTangentTest	NormalTangentTest/glTF-Binary/NormalTangentTest.glb	1796996	5ac0932355ae1ea05a7485eeddcc3f1fbe56c678e00b519075feced80e9e9d6a
NormalTangentMirrorTest	NormalTangentMirrorTest/glTF-Binary/NormalTangentMirrorTest.glb	1567084	31ce5f3c873fc55531a17ccacf001e3d1d482a508695aa826fa79cc196e0ce78
MetalRoughSpheres	MetalRoughSpheres/glTF-Binary/MetalRoughSpheres.glb	11221356	450c05557b0823a10835e32c05caf77a7b175eba94516555c1c9bb084f563f01
Fox	Fox/glTF-Binary/Fox.glb	162852	d97044e701822bac5a62696459b27d7b375aada5de8574ed4362edbba94771f7
CesiumMan	CesiumMan/glTF-Binary/CesiumMan.glb	438044	b7001eaeea8254bd44773bcd247e78696d94169388fbb2a1800fc69434e777d9
WaterBottle	WaterBottle/glTF-Binary/WaterBottle.glb	8966700	b337e526fd6a162013c2984aeec163f5fbb4f717252724dfc3f3458bd51df94b
FlightHelmet	FlightHelmet/glTF/FlightHelmet.bin	3227148	9e623a27f837e1cc995d1380da5fd3becf4d29586fefba882fc0ba76b49f94bf
FlightHelmet	FlightHelmet/glTF/FlightHelmet.gltf	18698	c9c16c8b85749f62f38ec6069700e5388c6894d8e566f51a35cc270255402cd3
FlightHelmet	FlightHelmet/glTF/FlightHelmet_Materials_GlassPlasticMat_BaseColor.png	2306649	0914544aabe161046f417274051e34ecc85163cfce6698581b3e1e18c96fe4f1
FlightHelmet	FlightHelmet/glTF/FlightHelmet_Materials_GlassPlasticMat_Normal.png	2648815	c297f18f3b4259fc8b411cdc843a4a44b8cef3e3a53b21cec7b53574e5ef6872
FlightHelmet	FlightHelmet/glTF/FlightHelmet_Materials_GlassPlasticMat_OcclusionRoughMetal.png	3696183	d4519704f15395c7138421a5814b478df549a2411bc6fa97dd6d02ba62dc6c54
FlightHelmet	FlightHelmet/glTF/FlightHelmet_Materials_LeatherPartsMat_BaseColor.png	5478748	c9346ac6daa3ad34d0b36c1e7cf311ccbcc298710ea453cdf3b6ad40dc60013f
FlightHelmet	FlightHelmet/glTF/FlightHelmet_Materials_LeatherPartsMat_Normal.png	5675531	7fb69b26f80c67df41e87d7344bde9d24dda0be77546b0a6acabc4040694872a
FlightHelmet	FlightHelmet/glTF/FlightHelmet_Materials_LeatherPartsMat_OcclusionRoughMetal.png	4375686	b77e60f175e4632cd3d892bc9f0e748f522c9288a469585d5cb90270cd68910e
FlightHelmet	FlightHelmet/glTF/FlightHelmet_Materials_LensesMat_BaseColor.png	696304	b55f6561f8adabc907360443aab010f3effaf05074fdccea46d8c2d66247cf16
FlightHelmet	FlightHelmet/glTF/FlightHelmet_Materials_LensesMat_Normal.png	5575	430775894001933044c89070b1bfd4f9b8489f74780b1ab7079efb0afca95d8d
FlightHelmet	FlightHelmet/glTF/FlightHelmet_Materials_LensesMat_OcclusionRoughMetal.png	601603	35d81a71ab184f9b50f63ff8f3e0f90cfb6c99f9b2d9ed9d9887a902c16a458d
FlightHelmet	FlightHelmet/glTF/FlightHelmet_Materials_MetalPartsMat_BaseColor.png	2680488	8e26add3ad1b2398d58638580bb1fe56f2fbae3572b4a682b6595a5a26fb1b40
FlightHelmet	FlightHelmet/glTF/FlightHelmet_Materials_MetalPartsMat_Normal.png	3273483	a833fcc12718c02bcba97cbc9760d06c4a711ce7f36c23076e7cf6d4393a80e7
FlightHelmet	FlightHelmet/glTF/FlightHelmet_Materials_MetalPartsMat_OcclusionRoughMetal.png	2976508	17f3e27b51011b8f98751dae25958e2b850fcf1467f1019bec812553e0e5eb1d
FlightHelmet	FlightHelmet/glTF/FlightHelmet_Materials_RubberWoodMat_BaseColor.png	3594300	f751d643d1f220b300705d9ad57ed284a883eb7d3788469199b752f4381dcc37
FlightHelmet	FlightHelmet/glTF/FlightHelmet_Materials_RubberWoodMat_Normal.png	3327566	bb70753c836c59db7e245e5fe2c9db8eee833d29d67e03da348f6adb1e95142a
FlightHelmet	FlightHelmet/glTF/FlightHelmet_Materials_RubberWoodMat_OcclusionRoughMetal.png	3809284	2727d4638514f75fcbd29777bf03db6bd2f0f1ad926e2976cf2346aa22c0bd19
Sponza	Sponza/glTF/10381718147657362067.jpg	881980	c119be5aae2419a8120fd17691033ca28e0b5546cef7e31d40f6dec1543affee
Sponza	Sponza/glTF/10388182081421875623.jpg	917202	c915c9cc8be8f198ab1cc3bc68c2f6c694b88432f381a8f27935d480141ae8f5
Sponza	Sponza/glTF/11474523244911310074.jpg	1079152	23c32277c33d8eac091cd73daf81561ebe3640eede49b037546ed5c244a01347
Sponza	Sponza/glTF/11490520546946913238.jpg	321375	98e4c4a091fea684cd693f3ae7ebe83e491969b501b4cd6e1fdd6a3cc1fa5cab
Sponza	Sponza/glTF/11872827283454512094.jpg	668962	da2a0b308b4d6d57ffbcf4bb7509d4afe91156d5d86d0396e83d7cac883a4857
Sponza	Sponza/glTF/11968150294050148237.jpg	530384	bee42826d56d3ff719c4908c11ef65584fbe19e08273862fde7ec1408e44ba25
Sponza	Sponza/glTF/1219024358953944284.jpg	329124	9cbd61fcb8047f1c21450eff05207b29d71824edd75483267b5fbc2f7b21378c
Sponza	Sponza/glTF/12501374198249454378.jpg	418235	fe640b8875c8ff04f4ec427274d2e799b703cff384b9c2dafef63b61d05f34fa
Sponza	Sponza/glTF/13196865903111448057.jpg	281980	8c26ae9523cfae7a062fd074f74e0ddbb61630772f9a2130489e1d6e4724c38b
Sponza	Sponza/glTF/13824894030729245199.jpg	313460	9158388312a76ba25a40d3b57978e1ace224882e53198a766494d98f9118aeba
Sponza	Sponza/glTF/13982482287905699490.jpg	347538	b91209e6ede0b905565bd719d6e27533abc7a5930d031a454f9aae65771fc4b0
Sponza	Sponza/glTF/14118779221266351425.jpg	1611314	994ba4e063564d75350ceec1381347a620baef75f9ca689e28718a88c3e3bd88
Sponza	Sponza/glTF/14170708867020035030.jpg	140738	55cbda42c13377a71cb8ee78406309e888f56bc85af9473ca84a6097f2252166
Sponza	Sponza/glTF/14267839433702832875.jpg	711217	d14f693c5cf7d1e506865488fdb68daadd42bbdcb0c534e2f96ccfd747e46a60
Sponza	Sponza/glTF/14650633544276105767.jpg	521947	e8b68080eb4c5709536dfb7858d595d51d4bb725003e11b0f383acf76a7e05a3
Sponza	Sponza/glTF/15295713303328085182.jpg	520162	5bbd0cbf2da7416d5620514ebb0c4837b0ccc841b649cf4070281aa333ff8520
Sponza	Sponza/glTF/15722799267630235092.jpg	560258	8511ada3c77ed171a21d58362d996b20cfa6c632fe4c95c3a8614e410e623a31
Sponza	Sponza/glTF/16275776544635328252.png	1077432	d6df943a0dcf535d9dfb009c2833e0c7dc21939cfe3a2c10316c552b3dc3441b
Sponza	Sponza/glTF/16299174074766089871.jpg	322693	21d5f7ab6a7d05200b76165771fb3c5f14d006236a9dd27fff9eb92b69de4fa6
Sponza	Sponza/glTF/16885566240357350108.jpg	12575	5562f0e76ca213d72295e48b8a14a59ee1971f58a47f95e5c022a4e78371c5aa
Sponza	Sponza/glTF/17556969131407844942.jpg	370061	cb09708202859d08764601acc9c9ea3b5254b2c4fd39dcc6b6055768c77aee9b
Sponza	Sponza/glTF/17876391417123941155.jpg	1151448	005b774a968c1f6af00e4bf97afd668a6a045126a94f524df722ba19edc77d61
Sponza	Sponza/glTF/2051777328469649772.jpg	206618	0f25b73991003300bd5e2c8fcbc46ec4e2788a8deb42321f575d5187aee21b85
Sponza	Sponza/glTF/2185409758123873465.jpg	780166	88861c8c7f10517c1d7942f316aae3b74dc5b8ae2faa2021d9dfe9d2c09fb24f
Sponza	Sponza/glTF/2299742237651021498.jpg	772672	da92fd0303571290c36b0f655f357fda77015b788613c65b18346480e1bd8324
Sponza	Sponza/glTF/2374361008830720677.jpg	852079	782c48410db52360083719a48f8d15d29aa5cd4beeb817f1fd195083b2feb60a
Sponza	Sponza/glTF/2411100444841994089.jpg	399963	12e1f2ea3c2714a6ec455fa8e623a702e33ef95765ebd09f7874a68fa55fd104
Sponza	Sponza/glTF/2775690330959970771.jpg	785678	751606c94a5fe5bda3bf6709e7f6a74363bd7902bf2353d54e55ef3b50007487
Sponza	Sponza/glTF/2969916736137545357.jpg	822373	dfa17f2dee2cd2d850585673d19d5cda477a63e21659b346d8730e80edd3b347
Sponza	Sponza/glTF/332936164838540657.jpg	852079	782c48410db52360083719a48f8d15d29aa5cd4beeb817f1fd195083b2feb60a
Sponza	Sponza/glTF/3371964815757888145.jpg	682743	d939d2e8bf11c2cf375154129f861b982c786b83db79cb9fde1a2b94b46caf62
Sponza	Sponza/glTF/3455394979645218238.jpg	551432	967005ccfbf4d38f674df41aebb3e58ac1fdcd91f554ead7acfcc132372f8ec6
Sponza	Sponza/glTF/3628158980083700836.jpg	527788	5a05dc004bbff7e6f89cffab57ae4f4fe2cf04dfbd22b52ec85cf17bf92c8855
Sponza	Sponza/glTF/3827035219084910048.jpg	608394	1c2fc5ddaefc59763823f58d0450c00d114d89ab3d0ac395fd1316b664a8a56d
Sponza	Sponza/glTF/4477655471536070370.jpg	211322	f0592537da8edc8476d9903f4ab1839d1a7ab0efa2507d303e8720b57bedf848
Sponza	Sponza/glTF/4601176305987539675.jpg	1043152	70eaa9efca842696271d2e4e04b1c77c087f8b5350d8d90940b800cc654b269a
Sponza	Sponza/glTF/466164707995436622.jpg	486634	21bb124f5b5d4d5e9c8d9773cd31dedfc41b30eb302af36e7257cf930152908e
Sponza	Sponza/glTF/4675343432951571524.jpg	764529	9d5fd79619a52db0232edb2287f5f05c0124c304355e3b035a4e48c0871090bf
Sponza	Sponza/glTF/4871783166746854860.jpg	570081	259b6659cb2681e06ef04becd49298d379f2f25b2cc468acf0c2ade4d190637c
Sponza	Sponza/glTF/4910669866631290573.jpg	1043152	70eaa9efca842696271d2e4e04b1c77c087f8b5350d8d90940b800cc654b269a
Sponza	Sponza/glTF/4975155472559461469.jpg	399027	fbdb7bcced57a005b84b4c3bbf744bae6309804cca51dabd9237e03a72fbc505
Sponza	Sponza/glTF/5061699253647017043.png	2427921	6fbdbf67d3501831ad3a4e2adbf3d27e4c3d13ba1d655e5861c3f39b5f899f65
Sponza	Sponza/glTF/5792855332885324923.jpg	564801	9330cf1d51c8f6924b6c9ce09f2dedb21a82e1c7406c37d49ce95beca40bb3be
Sponza	Sponza/glTF/5823059166183034438.jpg	573157	34b464edddbd2295b0ee23fa7a7a440a19456888c586acdc47032f841b302abd
Sponza	Sponza/glTF/6047387724914829168.jpg	518310	c39c9f304c2605be791b4c0a58cd0f8eb20de2dd6a4a4af893c4eb112d158353
Sponza	Sponza/glTF/6151467286084645207.jpg	643517	170f6c637ebd71a101244eb4d80c3dcf7063caf89e42053d3114d8aeca755cdf
Sponza	Sponza/glTF/6593109234861095314.jpg	1043152	70eaa9efca842696271d2e4e04b1c77c087f8b5350d8d90940b800cc654b269a
Sponza	Sponza/glTF/6667038893015345571.jpg	703420	34f6408c6b8e8dc3c89d528e014ee3b254c7208c41339cfd15c4ae5151ad7cbe
Sponza	Sponza/glTF/6772804448157695701.jpg	599959	1ea4f9bc86354d363ea8153df9b7593c3bd3da153c53b9624c1fd8a960cb3ebc
Sponza	Sponza/glTF/7056944414013900257.jpg	852079	782c48410db52360083719a48f8d15d29aa5cd4beeb817f1fd195083b2feb60a
Sponza	Sponza/glTF/715093869573992647.jpg	280745	d81efcb42b3a044595ca984cb46d941b159064bddae9a43ed8d9582db68d6b47
Sponza	Sponza/glTF/7268504077753552595.jpg	572245	430758549ba2189d94f06abeaae092bfc0a1d8c22afc56f5caf3f99c5ee7407c
Sponza	Sponza/glTF/7441062115984513793.jpg	665796	9edc7c1c73661658cd8ed7733728002d45fecd17cb37a962fb654ff1d8c1933d
Sponza	Sponza/glTF/755318871556304029.jpg	302363	9f849f0510ca0df66ba1cba2380a6a1b481444d9e64b68da6b2ce202b54d9cec
Sponza	Sponza/glTF/759203620573749278.jpg	509411	c76e66915ce3abaf2ce365b314cf1e1a95f77bd4791adebdad01ab5c93658d0a
Sponza	Sponza/glTF/7645212358685992005.jpg	656995	da33886bb34e236f0ed9616ff40e87d87c4ab5ed458858e0d96839fa717978af
Sponza	Sponza/glTF/7815564343179553343.jpg	623144	8ad0e8a9ca6de602225a527361bc718881de8741bc48927e27259a8803e7fed7
Sponza	Sponza/glTF/8006627369776289000.png	1225157	75328d1aac87f8539be2456e6a5392cef7c6d08476d75585eafcd334dbeee0c5
Sponza	Sponza/glTF/8051790464816141987.jpg	260119	4f06c93f8e9f90be44a2e78847e57acec82bd793f58f7be7f86b088150730b88
Sponza	Sponza/glTF/8114461559286000061.jpg	193077	06c6480e207ce64f9e7c08df3f7f21638da7da43f77682657f4c823acd8c81a5
Sponza	Sponza/glTF/8481240838833932244.jpg	531156	1da7664b7b88ae58386a6e6b5eca2829537818061d704f002356d8fc483c1a28
Sponza	Sponza/glTF/8503262930880235456.jpg	104626	c288a37ed8373d1132644873624b096a72ba81d03cda601e050a5de24ba13c39
Sponza	Sponza/glTF/8747919177698443163.jpg	872255	8e90e94cadf80528a3df3496035d3c77900eba24d88b1c1d31c9dce77990fc44
Sponza	Sponza/glTF/8750083169368950601.jpg	362437	73a94a12fb0a9ab4c75e40996c9a2d49ac45ac18a8c8ae81d5ceb1c8ae52d6dc
Sponza	Sponza/glTF/8773302468495022225.jpg	413837	dc5bf5f3091b548f1dfe40410b1aa1e2e55d82e2d77ba57dbd1f92955a0d8ff8
Sponza	Sponza/glTF/8783994986360286082.jpg	388462	93d495e33d754c5723c910e322ac94108fc753b65af082a19be5252905aa741b
Sponza	Sponza/glTF/9288698199695299068.jpg	1044330	7f55814430f289e89c7d675c3db925eee904fbc566ff83f4b49904de53138e98
Sponza	Sponza/glTF/9916269861720640319.jpg	608687	81b21b9352f1fb9ccfeaf237f8547b985ddbf0cfd7ade7a4a8670b73a72b2cb5
Sponza	Sponza/glTF/Sponza.bin	9528220	fdbdbfb6a76edeb6626f28a1401bc1536bb1c864131a64e90fbc3df2d2d191bd
Sponza	Sponza/glTF/Sponza.gltf	167176	646c10cbc8fab990ca29f363e90e2d65155f3a3569506852eb1434a9465b9501
Sponza	Sponza/glTF/white.png	951	e2ab2939dda535ad28779e41c20c98368f630f29c5824a0a5a430f47b3b6da12
CesiumMan	CesiumMan/LICENSE.md	858	709e02749c7c904c480d98f883cae63046f589031b5f22249544b13c159eedf6
FlightHelmet	FlightHelmet/LICENSE.md	775	dae9c3cacb2b7ea8289b3f32f2d38560d39070d3848288aa1f6f94140023f7ba
Fox	Fox/LICENSE.md	1061	9ddaa2edd6a8f72117eec9709d38cd7d284f61f77752d342c32c828e61f78eae
MetalRoughSpheres	MetalRoughSpheres/LICENSE.md	787	3fb5f670bda1b4a02382c61a92cfd3f85ff744dffa3cd203ec0fc734ab8623fc
NormalTangentMirrorTest	NormalTangentMirrorTest/LICENSE.md	794	048b704438cc7ece1920d7593931b6742bd8796ca97dd27a8a848e97e9d90eb5
NormalTangentTest	NormalTangentTest/LICENSE.md	781	21f3c4f839c4d50b2a27170f9ada1bb66fd16a08d6a6176f4d8e9d8686d4084d
Sponza	Sponza/LICENSE.md	720	5e81ddd42dc33f3f9c1c7733f6a606342e7103350dd6be9671f6947721e3496d
TextureCoordinateTest	TextureCoordinateTest/LICENSE.md	785	bf3b3f5a2c65a06c73cd5f89be8f99df78aeb9248d0f5759c99baeba72bc235f
TextureSettingsTest	TextureSettingsTest/LICENSE.md	789	40c4c4b0e904799d1ae45975ceb0c94c28956b5e444b72b3838ac7a75168dea7
TextureTransformTest	TextureTransformTest/LICENSE.md	784	93e698e0f4c7bca4f51e71a3b989acc488be5e069ed724074ae58947ced3ff83
WaterBottle	WaterBottle/LICENSE.md	774	33cddcace3d46b3dec14275eff753c5879d5c55462a1bdce7981db4a5adb9a6b
